CustID,CustomerName,Zip,State,City,Phone Number
AF2901,Maya Thornton,91361,California,Westlake Village,(738) 965-4457
PO2709,Lucas Pembroke,49305,Michigan,Barryton,(989) 804-4124
GF8459,Aisha Reynolds,49267,Michigan,Ottawa Lake,(248) 671-5046
ZK3847,Ethan Carmichael,84321,Utah,Logan,(435) 707-1263
LR2928,Priya Nanduri,65041,Missouri,Hermann,(573) 343-8245
QW3927,Ramon Delgado,66427,Kansas,Frankfort,(785) 528-6556
AF2902,Zoe Kensington,96106,California,Clio,(424) 580-5097
PO2710,Noah Whitaker,32664,Florida,McIntosh,(754) 404-6706
GF8460,Hana OÕConnell,81033,Colorado,Crowley,(719) 153-5627
ZK3848,Oliver Beckett,15821,Pennsylvania,Benezett,(215) 600-8452
LR2929,Grace Montgomery,65040,Missouri,Henley,(636) 540-5113
QW3928,Malik Sayeed,58002,North Dakota,Absaraka,(701) 785-8149
AF2903,Chloe Rivers,37101,Tennessee,McEwen,(629) 282-9607
PO2711,Sebastian Hale,14536,New York,Portageville,(716) 696-6748
GF8461,Ingrid Petrov,55415,Minnesota,Minneapolis,(763) 695-1541
ZK3849,Miguel Alvarez,80234,Colorado,Denver,(970) 141-1128
LR2930,Lila Groves,12477,New York,Saugerties,(212) 510-1233
QW3929,Connor Blake,72513,Arkansas,Ash Flat,(479) 374-5140
AF2904,Sienna Park,80498,Colorado,Silverthorne,(748) 343-9916
PO2712,Marcus Fletcher,01718,Massachusetts,Acton,(339) 971-1940
UD3970,April Howard,72212,Arkansas,Little Rock,(479) 971-6814
JC8451,Christopher Johnson,13436,New York,Raquette Lake,(518) 867-1927
DT2303,Jeremy Harris,58736,North Dakota,Drake,(701) 847-5248
WH4720,Jill Cantrell,43536,Ohio,Mark Center,(283) 157-7311
NW7295,Crystal Burns,95970,California,Princeton,(626) 408-5377
ZM0970,Vanessa Burns,37866,Tennessee,Sharps Chapel,(731) 494-8232
JF4571,James Davis,20152,Virginia,Chantilly,(804) 685-6797
OY0303,Donald Cunningham,56301,Minnesota,Saint Cloud,(218) 872-8782
YP1616,Alejandro Solomon,39350,Mississippi,Philadelphia,(601) 564-5241
NJ5661,Jennifer Reyes,97347,Oregon,Grand Ronde,(971) 316-6250
YC7120,John Williams,13131,New York,Parish,(718) 145-9625
SC3404,Rick Butler,58323,North Dakota,Calvin,(701) 600-5334
KC9114,Arthur Farmer,41603,Kentucky,Banner,(502) 818-3483
UG6286,Raymond Hammond,96037,California,Greenview,(738) 951-6743
FY5866,John Case,53177,Wisconsin,Sturtevant,(920) 506-5096
QO7753,Mrs. Candace Davis,20625,Maryland,Cobb Island,(240) 351-5090
HF4039,Crystal Lewis,15133,Pennsylvania,Mckeesport,(582) 116-0191
FH0896,Jacqueline Peterson,61603,Illinois,Peoria,(312) 512-5179
PL9876,Melanie Lewis,68746,Nebraska,Lynch,(308) 368-9255
LT7645,Shannon Parsons,60075,Illinois,Russell,(708) 910-4266
VG2108,Brian Rowland,35469,Alabama,Knoxville,(205) 592-6935
PN2777,Mark Howard,62362,Illinois,Perry,(847) 869-3615
HT0668,David Bender,42022,Kentucky,Bandana,(364) 180-1254
ZC7632,Meredith Ellis,87322,New Mexico,Rehoboth,(505) 560-1164
EQ7225,Bradley Humphrey,38007,Tennessee,Bogota,(615) 716-1661
BE5012,Angela Gutierrez,68118,Nebraska,Omaha,(531) 848-5810
XK8581,Mrs. Erin Brown MD,99356,Washington,Roosevelt,(509) 342-4510
RZ5413,Melanie Alvarado,15736,Pennsylvania,Elderton,(814) 763-4551
NH9392,Cynthia Castro,69365,Nebraska,Whiteclay,(531) 408-8451
XW3511,Valerie Lopez,35603,Alabama,Decatur,(251) 303-1678
BL1152,Melody Rangel,15072,Pennsylvania,Pricedale,(484) 544-8879
KH5139,Taylor Smith Jr.,30175,Georgia,Talking Rock,(565) 640-1114
TZ6400,Sophia Alvarado,07831,New Jersey,Changewater,(908) 877-9829
DS3676,Henry Hudson,52571,Iowa,Moravia,(515) 256-6289
CO2912,Jonathan Gray,76685,Texas,Satin,(432) 418-3849
JW7492,Eric Fitzgerald,04571,Maine,Trevett,(207) 945-0950
DF1603,Gregory Butler,77429,Texas,Cypress,(430) 703-6302
ZU4266,Sally Armstrong,62208,Illinois,Fairview Heights,(708) 442-0003
DH5336,Janet Kirk,44333,Ohio,Akron,(234) 606-1221
SM4909,John Hodge,95382,California,Turlock,(310) 991-2366
MP0751,Joseph Burns,76245,Texas,Gordonville,(325) 554-5797
PH6168,Mary Manning,90022,California,Los Angeles,(310) 695-6762
IX4490,Crystal Pollard,15440,Pennsylvania,Gibbon Glade,(223) 102-8651
LA0490,Randy Cline,65722,Missouri,Phillipsburg,(660) 864-3549
AO3581,Nichole Moyer,66033,Kansas,Greeley,(913) 738-2239
SH0750,Mr. Stephen Nielsen DDS,03226,New Hampshire,Center Harbor,(603) 588-4623
TK3795,Joel Fisher,12222,New York,Albany,(212) 714-7310
NC4004,Clifford Alexander,55401,Minnesota,Minneapolis,(507) 734-9919
PE9863,Jessica Crawford,18619,Pennsylvania,Hillsgrove,(215) 539-3952
XQ6408,Loretta Diaz,24862,West Virginia,Mohawk,(681) 228-4215
UO1226,Eric Collier,18255,Pennsylvania,Weatherly,(717) 500-3050
MD9268,Alexis Howard,25061,West Virginia,Drybranch,(304) 849-3228
CA2563,Eric Green,33618,Florida,Tampa,(786) 638-1557
TT5514,Charles Harris,54007,Wisconsin,Deer Park,(608) 426-4540
YV9158,Benjamin Gray,99588,Alaska,Glennallen,(907) 322-0394
UI7274,Charles Morales,45301,Ohio,Alpha,(937) 323-8192
PN6607,Wendy Ramos,95987,California,Williams,(424) 681-6061
SK5102,Elizabeth Miller,69046,Nebraska,Wilsonville,(531) 202-6681
XR9239,Laura Bryant,21849,Maryland,Parsonsburg,(410) 555-7501
UZ9062,Jessica Estrada,13468,New York,Springfield Center,(718) 810-7005
SW5288,Jamie Thompson,76449,Texas,Graford,(430) 984-4765
UH7261,Daniel Garcia,54865,Wisconsin,Port Wing,(608) 871-4544
QK0859,Keith Mcneil,92036,California,Julian,(424) 378-0368
GE7552,Bryan Walker,63628,Missouri,Bonne Terre,(314) 983-7667
BA9276,Alexis Foster,95442,California,Glen Ellen,(738) 419-2969
NE2412,Cody Roberts,40830,Kentucky,Gulston,(502) 159-5806
KB2302,Darlene Shaw,63957,Missouri,Piedmont,(314) 283-6900
TD8069,Bradley Allen,15760,Pennsylvania,Marsteller,(570) 182-0576
EP7962,Michael Young,80544,Colorado,Niwot,(748) 994-7026
BN0943,Jessica Jimenez,14615,New York,Rochester,(332) 689-8195
KS6661,Henry Galloway,95470,California,Redwood Valley,(424) 697-9435
DT2622,Christine Alexander,36852,Alabama,Cusseta,(659) 848-0894
GR9405,James Adkins,57730,South Dakota,Custer,(605) 455-3621
NV1838,Pamela English,49060,Michigan,Hickory Corners,(679) 134-0707
NE3819,Karl Murphy,66757,Kansas,Neodesha,(620) 548-9508
KI8547,Jason Elliott,75682,Texas,New London,(806) 163-6855
SR5122,Randy Calhoun,50247,Iowa,State Center,(641) 925-2783
SI3191,Tammy Brown,24915,West Virginia,Arbovale,(304) 944-0196
XT1953,Melissa Case,02149,Massachusetts,Everett,(617) 638-1135
KJ4282,Kevin Martin,71724,Arkansas,Calion,(479) 875-2740
IT8590,Sophia Lee,45680,Ohio,South Point,(614) 416-9203
VT1870,Liam Adams,04983,Maine,Strong,(207) 869-8328
AM9994,Liam Brown,28719,North Carolina,Cherokee,(252) 330-0695
MT2348,Oliver Johnson,18245,Pennsylvania,Quakake,(484) 695-7549
SL6913,Liam Martin,60090,Illinois,Wheeling,(773) 142-1232
IJ4004,Charlotte Scott,18076,Pennsylvania,Red Hill,(814) 584-7704
YL8461,Ethan Clark,73654,Oklahoma,Leedey,(580) 717-1819
ZA3656,Elijah Young,72123,Arkansas,Patterson,(501) 909-1935
US3172,Sophia Lewis,05653,Vermont,Eden Mills,(802) 564-3237
JT6686,Alexander Brown,11740,New York,Greenlawn,(518) 669-8736
QN8577,Sebastian Clark,07832,New Jersey,Columbia,(848) 502-8853
WD6554,Ethan King,20783,Maryland,Hyattsville,(443) 509-8220
XZ5122,Ella Johnson,42459,Kentucky,Sturgis,(606) 232-6674
MK8484,Sebastian Taylor,63766,Missouri,Millersville,(816) 931-0134
JC2187,Harper Lee,99141,Washington,Kettle Falls,(859) 927-1316
IF9133,Liam Walker,82210,Wyoming,Chugwater,(307) 383-0998
XD5994,Liam Wilson,95030,California,Los Gatos,(424) 454-9040
FD7537,Harper Baker,95476,California,Sonoma,(323) 982-9338
PG9437,Mia Clark,36728,Alabama,Catherine,(334) 650-1029
GE4505,Benjamin Clark,40831,Kentucky,Harlan,(502) 421-2835
FE7992,Oliver Clark,30251,Georgia,Luthersville,(770) 835-8197
WD7450,Sophia Clark,08059,New Jersey,Mount Ephraim,(640) 322-9881
NO9672,Mia Johnson,61340,Illinois,Mark,(312) 677-9368
KM5126,Jack Scott,68505,Nebraska,Lincoln,(308) 121-7518
PJ9273,Charlotte Johnson,50107,Iowa,Grand Junction,(563) 275-1704
UQ7228,Benjamin Brown,71960,Arkansas,Norman,(870) 833-2873
EB2215,Charlotte Clark,80526,Colorado,Fort Collins,(983) 620-3776
UU3195,Sebastian Carter,06022,Connecticut,Collinsville,(870) 398-6611
XC9225,Noah Wilson,32131,Florida,East Palatka,(772) 242-0413
CY3441,Elijah Clark,93252,California,Maricopa,(213) 759-7151
EG9145,Sophia Wilson,53931,Wisconsin,Fairwater,(920) 806-2345
NR1694,Elijah Lee,24442,Virginia,Head Waters,(703) 453-6006
ZG3143,Mia Young,84062,Utah,Pleasant Grove,(801) 185-1749
SL5340,Liam Smith,96713,Hawaii,Hana,(808) 720-7743
CN2898,Henry King,32301,Florida,Tallahassee,(407) 737-1056
RD6119,Elijah Smith,55971,Minnesota,Rushford,(952) 895-8923
WX5323,Noah Green,26631,West Virginia,Napier,(681) 178-6217
SJ8983,Ava Lee,79256,Texas,Roaring Springs,(325) 201-9484
ER9672,Mia Johnson,33070,Florida,Tavernier,(850) 837-4865
XP8520,Lucas Green,12856,New York,North River,(929) 677-3458
XK1759,Mia Brown,26032,West Virginia,Bethany,(681) 132-1630
SR6450,Oliver Green,97907,Oregon,Huntington,(541) 508-6312
IA8883,Ella Walker,65075,Missouri,Saint Elizabeth,(816) 593-5809
WT4098,Lucas Baker,15112,Pennsylvania,East Pittsburgh,(484) 573-1974
OE1760,Alexander Anderson,28702,North Carolina,Almond,(336) 435-7136
QV9981,Elijah Wilson,53061,Wisconsin,New Holstein,(274) 710-4460
ZL3891,Amelia Scott,56733,Minnesota,Kennedy,(507) 212-1055
HU3044,Charlotte Baker,92325,California,Crestline,(310) 658-4513
WP2749,Alexander Lewis,07440,New Jersey,Pequannock,(201) 700-3063
CJ1189,Alexander Nelson,02721,Massachusetts,Fall River,(987) 473-3088
PO7933,Ava Smith,93202,California,Armona,(626) 700-3355
GU7134,Mia Carter,85611,Arizona,Elgin,(520) 989-4024
HG8877,Charlotte Young,58646,North Dakota,Mott,(701) 626-4889
BU1614,Ella Young,68831,Nebraska,Dannebrog,(308) 819-4239
XE4840,Mia Carter,06478,Connecticut,Oxford,(870) 952-4078
WK6460,Ella Clark,63631,Missouri,Caledonia,(417) 472-5474
XC1005,Ethan Adams,46069,Indiana,Sheridan,(219) 321-3503
MH4139,Benjamin Brown,57564,South Dakota,Onida,(605) 906-0315
RM2765,Oliver Adams,87734,New Mexico,Ocate,(505) 813-8840
ZJ5279,Jack Smith,55087,Minnesota,Warsaw,(763) 534-9577
UD3264,Noah Anderson,50071,Iowa,Dows,(641) 682-3063
XH1221,Ethan Carter,55441,Minnesota,Minneapolis,(320) 990-8039
FY1981,Isabella King,51363,Iowa,Superior,(641) 873-1300
BH5144,Elijah Scott,16691,Pennsylvania,Wells Tannery,(717) 193-4355
UR3435,Jack Adams,95227,California,Clements,(424) 895-7156
XZ7367,Lucas Taylor,62473,Illinois,Watson,(312) 768-6754
BQ9588,Ethan Green,85145,Arizona,Red Rock,(602) 739-9106
SA5913,Alexander Carter,55921,Minnesota,Caledonia,(651) 612-0025
VB2967,Ella Johnson,73726,Oklahoma,Carmen,(405) 365-4935
PZ3723,Benjamin Hill,99101,Washington,Addy,(253) 629-6153
JP1190,Noah Scott,32424,Florida,Blountstown,(863) 826-6664
KL1958,Elijah Adams,74830,Oklahoma,Bowlegs,(539) 448-5255
GK7656,Harper Lewis,70661,Louisiana,Starks,(457) 101-0631
MD6844,Ava Walker,71403,Louisiana,Anacoco,(504) 104-9054
EH1280,Lucas Adams,84325,Utah,Mendon,(385) 976-2692
QT4552,Noah Green,99515,Alaska,Anchorage,(907) 657-2114
UP8650,Lucas King,78352,Texas,Edroy,(281) 763-3272
EZ5896,Ella Walker,38340,Tennessee,Henderson,(865) 372-9459
RX5862,Henry Nelson,99341,Washington,Lind,(425) 713-1935
OX9755,Charlotte Carter,65077,Missouri,Steedman,(314) 826-2992
HE2685,Lucas Clark,50067,Iowa,Decatur,(563) 215-5709
QT8073,Charlotte Walker,50257,Iowa,Truro,(563) 165-7355
NF1930,Ella Baker,74006,Oklahoma,Bartlesville,(580) 768-9136
FH9309,Sophia Adams,06611,Connecticut,Trumbull,(379) 184-2429
LZ3657,Harper Wilson,62532,Illinois,Elwin,(312) 981-5583
KS8015,Mia King,04351,Maine,Manchester,(207) 238-8008
PP7607,Ella Clark,53715,Wisconsin,Madison,(274) 751-4386
NG3913,Henry Taylor,48161,Michigan,Monroe,(734) 500-5255
ME8205,Henry Walker,02771,Massachusetts,Seekonk,(781) 543-2316
BC9147,Charlotte Taylor,96915,Guam,Santa Rita,(671) 343-9053
OB3113,Benjamin Nelson,49329,Michigan,Howard City,(989) 988-0941
AH7543,Liam Brown,88345,New Mexico,Ruidoso,(575) 829-3417
KL6101,Alexander Hill,95318,California,El Portal,(626) 618-0412
VX6743,Harper Lewis,10278,New York,New York,(716) 470-7040
HI9656,Lucas Wilson,61111,Illinois,Loves Park,(708) 140-1103
UX9526,Alexander Johnson,11575,New York,Roosevelt,(212) 497-6543
QV7927,Charlotte Smith,03258,New Hampshire,Chichester,(603) 594-0629
GG8134,Benjamin Lee,03235,New Hampshire,Franklin,(603) 197-1927
ZM1487,Harper Scott,68720,Nebraska,Brunswick,(308) 350-1464
ZB7841,Alexander Lee,19081,Pennsylvania,Swarthmore,(814) 610-8787
NA6263,Oliver Anderson,26615,West Virginia,Copen,(681) 786-6907
XY9721,James Taylor,20245,District of Columbia,Washington,(202) 466-0237
NZ7247,Harper Smith,60804,Illinois,Cicero,(773) 561-8695
AQ5747,Noah King,83111,Wyoming,Auburn,(307) 175-2055
HE4185,Alexander Green,39201,Mississippi,Jackson,(601) 873-0551
EI6555,Liam Martin,95007,California,Brookdale,(213) 823-1610
UH4240,Noah Green,37409,Tennessee,Chattanooga,(615) 951-2120
WP6679,Sebastian Smith,15627,Pennsylvania,Derry,(610) 691-2145
MS4107,Lucas Brown,21233,Maryland,Baltimore,(227) 252-9179
IR7566,Sophia Clark,60403,Illinois,Crest Hill,(312) 488-7680
SS6344,Sebastian Baker,74438,Oklahoma,Hitchita,(918) 930-5881
DA6674,Ava Clark,60097,Illinois,Wonder Lake,(847) 582-7574
TM8189,Alexander Brown,50044,Iowa,Bussey,(319) 190-0596
NQ9294,Noah Adams,55811,Minnesota,Duluth,(507) 403-1301
XY7257,Jack Brown,52338,Iowa,Swisher,(319) 454-5762
FB3204,Henry Taylor,66546,Kansas,Wakarusa,(785) 604-7657
SM7464,Sebastian Wilson,28804,North Carolina,Asheville,(980) 443-9794
YL7583,Ava Taylor,36040,Alabama,Hayneville,(938) 190-5167
OY8092,Mia Lewis,68526,Nebraska,Lincoln,(531) 361-1846
YD4450,Lucas Scott,13646,New York,Hammond,(347) 935-2112
HL7803,Oliver King,77657,Texas,Lumberton,(325) 975-8654
PL7300,Elijah Carter,67464,Kansas,Marquette,(316) 718-2315
EN2189,Ethan Lewis,50522,Iowa,Burt,(712) 739-7023
DD3125,Lucas Hill,40913,Kentucky,Beverly,(859) 668-5660
SG5607,Mia Martin,39897,Georgia,Whigham,(565) 363-7806
AV2004,Noah Green,63031,Missouri,Florissant,(816) 774-2222
PZ8563,Oliver Martin,56147,Minnesota,Kenneth,(952) 142-6955
JR1192,Sophia Clark,08050,New Jersey,Manahawkin,(856) 968-6300
YC5437,James Baker,56027,Minnesota,Elmore,(952) 378-7488
BW3756,Henry Scott,95540,California,Fortuna,(213) 951-4432
FW6271,James Clark,66095,Kansas,Williamsburg,(620) 889-7308
DO4402,Ethan Green,29729,South Carolina,Richburg,(803) 359-8332
TJ2374,Liam Walker,65231,Missouri,Auxvasse,(816) 413-3585
NK5168,Mia Lewis,77384,Texas,Conroe,(430) 173-3849
CZ6479,Benjamin Green,62850,Illinois,Johnsonville,(312) 884-5715
XU1847,Ella Brown,04086,Maine,Topsham,(207) 330-9109
WB1664,James Smith,77650,Texas,Port Bolivar,(254) 524-8693
BM8080,Sophia Hill,16411,Pennsylvania,East Springfield,(570) 892-7664
YL8738,Isabella Lewis,53580,Wisconsin,Rewey,(920) 193-0848
HK7926,Ava Baker,08802,New Jersey,Asbury,(732) 829-8498
WT2882,Alexander Carter,42782,Kentucky,Summersville,(606) 990-1834
TA8249,Isabella Lee,17576,Pennsylvania,Smoketown,(215) 384-5487
OW2500,Sebastian Carter,01013,Massachusetts,Chicopee,(413) 733-3228
LJ8799,Sophia Hill,22715,Virginia,Brightwood,(804) 727-0324
TD8648,Noah Adams,87507,New Mexico,Santa Fe,(575) 906-1841
JP9189,Benjamin Carter,43551,Ohio,Perrysburg,(567) 688-0087
SF7473,Liam Carter,45846,Ohio,Fort Recovery,(283) 635-8628
EF3588,Sebastian Martin,55746,Minnesota,Hibbing,(218) 781-7301
LO3583,Jack Taylor,32426,Florida,Campbellton,(239) 876-2843
AP4130,Alexander Taylor,12945,New York,Lake Clear,(518) 563-2771
EM8387,Charlotte Anderson,39767,Mississippi,Stewart,(601) 228-9993
SV9924,Amelia Johnson,48419,Michigan,Carsonville,(269) 180-4038
EP7955,Ethan Wilson,13101,New York,McGraw,(716) 860-2866
QG1921,Alexander Taylor,57363,South Dakota,Mount Vernon,(605) 820-2899
SF7066,Ethan Baker,30630,Georgia,Crawford,(470) 700-9588
NZ3406,Mia Martin,40165,Kentucky,Shepherdsville,(761) 623-3344
FJ7401,Lucas Nelson,48360,Michigan,Lake Orion,(517) 253-7416
RU7353,Lucas Brown,49812,Michigan,Carney,(313) 613-5924
ZW1569,Mia Walker,08350,New Jersey,Richland,(640) 188-3912
AQ1350,Jack Green,04622,Maine,Cherryfield,(207) 716-9375
WT9793,Ethan Carter,31331,Georgia,Townsend,(706) 356-1522
CD4193,Ethan Smith,66604,Kansas,Topeka,(316) 662-9740
BJ6490,Noah Johnson,74469,Oklahoma,Warner,(572) 342-6717
PR8245,Elijah Adams,25174,West Virginia,Rock Creek,(681) 640-9229
CL9511,Harper Taylor,33573,Florida,Sun City Center,(239) 571-5163
HQ9761,Elijah Hill,32694,Florida,Waldo,(786) 101-6318
ZR8488,Charlotte Anderson,80546,Colorado,Severance,(983) 779-6469
LG2281,Ella Walker,19052,Pennsylvania,Lenni,(582) 160-7513
PN4114,Harper Johnson,22180,Virginia,Vienna,(686) 376-1467
LE5682,Noah Green,99507,Alaska,Anchorage,(907) 177-7639
BO7852,Liam Clark,52649,Iowa,Salem,(563) 816-8237
OS3006,Ava King,31556,Georgia,Offerman,(762) 395-0957
BO1308,Oliver Baker,53583,Wisconsin,Sauk City,(274) 275-1479
FA1499,Isabella Walker,73701,Oklahoma,Enid,(580) 466-1373
WV9966,Alexander Baker,07648,New Jersey,Norwood,(856) 196-1533
QK6532,Jack Walker,73438,Oklahoma,Healdton,(539) 781-3200
OJ6997,Amelia Scott,73055,Oklahoma,Marlow,(580) 495-7255
IX3036,Ethan Lewis,34739,Florida,Kenansville,(239) 519-6937
NX3233,Elijah Scott,32113,Florida,Citra,(407) 894-1871
ES3136,Charlotte Johnson,66023,Kansas,Effingham,(620) 630-0615
HQ4871,Oliver Taylor,32118,Florida,Daytona Beach,(754) 899-9876
RD3732,Jack Lee,68866,Nebraska,Pleasanton,(308) 507-9531
EC2606,Ella Adams,01028,Massachusetts,East Longmeadow,(339) 147-0421
LG1316,Isabella Scott,23883,Virginia,Surry,(804) 539-9864
AU6344,Isabella Green,78719,Texas,Austin,(430) 792-6255
GE1457,Isabella Green,24129,Virginia,New River,(826) 688-3858
AS5583,Benjamin Smith,79085,Texas,Summerfield,(430) 529-5101
KA2891,Henry Wilson,66203,Kansas,Shawnee,(316) 422-8335
IT9979,James Wilson,49232,Michigan,Camden,(248) 832-4170
IF1990,Ella Green,75477,Texas,Roxton,(325) 530-8591
US9102,Liam Anderson,87326,New Mexico,Vanderwagen,(505) 241-7701
OJ1419,Ella Smith,67764,Kansas,Winona,(785) 543-0314
CR9203,Ava Brown,58654,North Dakota,Sentinel Butte,(701) 564-1725
DD8054,Charlotte King,60419,Illinois,Dolton,(708) 860-7382
TO9219,Elijah Nelson,75098,Texas,Wylie,(430) 572-4859
WT5291,James Lee,01854,Massachusetts,Lowell,(339) 355-7277
ZJ9160,Harper Anderson,41005,Kentucky,Burlington,(502) 961-1471
MW6208,Charlotte Nelson,62226,Illinois,Belleville,(773) 831-1017
XX7266,Isabella Adams,57661,South Dakota,Whitehorse,(605) 196-7598
IL3037,Benjamin Scott,18211,Pennsylvania,Andreas,(272) 120-3289